"pk_entity";"pk_birth";"date_birth";"pk_death";"date_death"
6490820;7506534;"(1648, 1, 1)";7744242;"(1648, 1, 1)"
6490784;7506501;"(1647, 1, 1)";7744209;"(1647, 1, 1)"
6490788;7506505;"(1647, 7, 22)";7744213;"(1647, 1, 1)"
6490826;7506540;"(1648, 3, 4)";7744248;"(1648, 1, 1)"
6490833;7506546;"(1648, 4, 16)";7744254;"(1648, 1, 1)"
6490851;7506561;"(1648, 10, 31)";7744269;"(1648, 1, 1)"
6490863;7506570;"(1649, 2, 6)";7744278;"(1649, 1, 1)"
6490895;7506599;"(1649, 11, 10)";7744307;"(1649, 1, 1)"
6490902;7506605;"(1649, 11, 30)";7744313;"(1649, 1, 1)"
6490887;7506592;"(1649, 9, 6)";7744300;"(1649, 1, 1)"
6490906;7506608;"(1650, 1, 3)";7744316;"(1650, 1, 1)"
6490911;7506613;"(1650, 2, 22)";7744321;"(1650, 1, 1)"
6490954;7506651;"(1651, 1, 1)";7744359;"(1651, 1, 1)"
6490921;7506622;"(1650, 5, 22)";7744330;"(1650, 1, 1)"
6490956;7506653;"(1651, 1, 14)";7744361;"(1651, 1, 1)"
6490958;7506655;"(1651, 1, 1)";7744363;"(1651, 1, 1)"
6490972;7506668;"(1651, 1, 1)";7744376;"(1651, 1, 1)"
6490983;7506677;"(1651, 6, 17)";7744385;"(1651, 1, 1)"
6490985;7506679;"(1651, 7, 2)";7744387;"(1651, 1, 1)"
6495775;7489284;"(1546, 1, 1)";7726803;"(1533, 1, 1)"
6511467;7490259;"(1668, 1, 1)";7727867;"(1668, 1, 1)"
6541335;7490373;"(1701, 6, 24)";7727984;"(1695, 9, 23)"
6540825;7490659;"(1696, 9, 12)";7728295;"(1639, 1, 20)"
6541689;7491050;"(1636, 1, 1)";7728711;"(1610, 1, 1)"
6485823;7492600;"(1692, 1, 1)";7730326;"(1692, 1, 1)"
6539849;7493295;"(1878, 1, 1)";7731017;"(1878, 1, 1)"
6536289;7496961;"(1884, 8, 31)";7734678;"(1856, 11, 2)"
6485898;7502173;"(1674, 10, 16)";7739880;"(1674, 1, 1)"
6485901;7502176;"(1681, 1, 1)";7739883;"(1681, 1, 1)"
6485884;7502159;"(1663, 1, 27)";7739866;"(1663, 1, 1)"
6485927;7502199;"(1676, 1, 1)";7739906;"(1676, 1, 1)"
6485933;7502205;"(1681, 2, 3)";7739912;"(1681, 1, 1)"
6485975;7502237;"(1671, 8, 12)";7739944;"(1671, 1, 1)"
6485986;7502247;"(1676, 1, 1)";7739954;"(1676, 1, 1)"
6486008;7502267;"(1677, 1, 1)";7739974;"(1677, 1, 1)"
6486017;7502275;"(1674, 1, 1)";7739982;"(1674, 1, 1)"
6485987;7502248;"(1674, 1, 1)";7739955;"(1674, 1, 1)"
6486020;7502278;"(1663, 7, 30)";7739985;"(1663, 1, 1)"
6486139;7502379;"(1670, 5, 1)";7740086;"(1670, 1, 1)"
6486022;7502280;"(1666, 2, 9)";7739987;"(1666, 1, 1)"
6486031;7502289;"(1676, 10, 10)";7739996;"(1676, 1, 1)"
6486042;7502294;"(1666, 4, 2)";7740001;"(1666, 1, 1)"
6486122;7502362;"(1676, 8, 30)";7740069;"(1676, 1, 1)"
6486071;7502319;"(1668, 1, 1)";7740026;"(1668, 1, 1)"
6486134;7502374;"(1678, 5, 22)";7740081;"(1678, 1, 1)"
6486095;7502341;"(1682, 3, 18)";7740048;"(1682, 1, 1)"
6486143;7502383;"(1669, 5, 23)";7740090;"(1669, 1, 1)"
6486156;7502394;"(1668, 1, 1)";7740101;"(1668, 1, 1)"
6486190;7502424;"(1681, 4, 7)";7740131;"(1681, 1, 1)"
6486245;7502462;"(1681, 1, 1)";7740169;"(1681, 1, 1)"
6486200;7502427;"(1676, 1, 1)";7740134;"(1676, 1, 1)"
6486247;7502464;"(1674, 1, 1)";7740171;"(1674, 1, 1)"
6486251;7502468;"(1672, 1, 1)";7740175;"(1672, 1, 1)"
6486259;7502474;"(1677, 9, 29)";7740181;"(1677, 1, 1)"
6486422;7502546;"(1675, 5, 28)";7740253;"(1675, 1, 1)"
6486347;7502507;"(1675, 1, 1)";7740214;"(1675, 1, 1)"
6486381;7502521;"(1676, 1, 1)";7740228;"(1676, 1, 1)"
6486382;7502522;"(1678, 1, 31)";7740229;"(1678, 1, 1)"
6486423;7502547;"(1676, 6, 15)";7740254;"(1676, 1, 1)"
6486430;7502553;"(1665, 11, 16)";7740260;"(1665, 1, 1)"
6486414;7502541;"(1677, 1, 1)";7740248;"(1677, 1, 1)"
6486416;7502542;"(1675, 1, 1)";7740249;"(1675, 1, 1)"
6486441;7502557;"(1670, 4, 28)";7740264;"(1670, 1, 1)"
6486442;7502558;"(1670, 1, 1)";7740265;"(1670, 1, 1)"
6486549;7502652;"(1678, 8, 8)";7740359;"(1678, 1, 1)"
6486552;7502655;"(1669, 1, 1)";7740362;"(1669, 1, 1)"
6486559;7502662;"(1683, 11, 5)";7740369;"(1683, 1, 1)"
6486583;7502683;"(1674, 1, 1)";7740390;"(1674, 1, 1)"
6486616;7502714;"(1673, 11, 13)";7740421;"(1673, 1, 1)"
6486629;7502726;"(1675, 1, 1)";7740433;"(1675, 1, 1)"
6486649;7502742;"(1665, 1, 29)";7740449;"(1665, 1, 1)"
6486624;7502722;"(1663, 6, 20)";7740429;"(1663, 1, 1)"
6486746;7502839;"(1673, 1, 1)";7740546;"(1673, 1, 1)"
6486707;7502801;"(1676, 8, 26)";7740508;"(1676, 1, 1)"
6486708;7502802;"(1682, 1, 1)";7740509;"(1682, 1, 1)"
6486710;7502804;"(1675, 1, 1)";7740511;"(1675, 1, 1)"
6486775;7502867;"(1663, 2, 11)";7740574;"(1663, 1, 1)"
6486852;7502938;"(1717, 1, 1)";7740645;"(1717, 1, 1)"
6486820;7502908;"(1681, 10, 29)";7740615;"(1681, 1, 1)"
6486824;7502912;"(1678, 7, 11)";7740619;"(1678, 1, 1)"
6486834;7502921;"(1673, 1, 1)";7740628;"(1673, 1, 1)"
6486839;7502926;"(1670, 1, 1)";7740633;"(1670, 1, 1)"
6486855;7502941;"(1672, 1, 1)";7740648;"(1672, 1, 1)"
6486842;7502928;"(1669, 1, 1)";7740635;"(1669, 1, 1)"
6486858;7502944;"(1681, 1, 1)";7740651;"(1681, 1, 1)"
6486859;7502945;"(1669, 1, 1)";7740652;"(1669, 1, 1)"
6487111;7503173;"(1676, 1, 1)";7740880;"(1676, 1, 1)"
6486908;7502988;"(1676, 1, 1)";7740695;"(1676, 1, 1)"
6486910;7502990;"(1676, 1, 1)";7740697;"(1676, 1, 1)"
6486928;7503006;"(1663, 1, 4)";7740713;"(1663, 1, 1)"
6487025;7503094;"(1670, 1, 1)";7740801;"(1670, 1, 1)"
6487027;7503096;"(1672, 1, 1)";7740803;"(1672, 1, 1)"
6487075;7503140;"(1665, 4, 18)";7740847;"(1665, 1, 1)"
6487096;7503160;"(1681, 6, 4)";7740867;"(1681, 1, 1)"
6487224;7503273;"(1668, 1, 1)";7740980;"(1668, 1, 1)"
6487102;7503165;"(1671, 1, 1)";7740872;"(1671, 1, 1)"
6487105;7503168;"(1665, 1, 4)";7740875;"(1665, 1, 1)"
6487106;7503169;"(1665, 10, 31)";7740876;"(1665, 1, 1)"
6487177;7503232;"(1673, 1, 1)";7740939;"(1673, 1, 1)"
6487134;7503193;"(1670, 1, 1)";7740900;"(1670, 1, 1)"
6487184;7503238;"(1682, 1, 30)";7740945;"(1682, 1, 1)"
6487202;7503254;"(1665, 2, 8)";7740961;"(1665, 1, 1)"
6487146;7503205;"(1672, 7, 8)";7740912;"(1672, 1, 1)"
6487159;7503258;"(1669, 1, 1)";7740965;"(1669, 1, 1)"
6487326;7503366;"(1663, 1, 1)";7741073;"(1663, 1, 1)"
6487253;7503300;"(1675, 1, 1)";7741007;"(1675, 1, 1)"
6487341;7503379;"(1681, 1, 1)";7741086;"(1681, 1, 1)"
6487275;7503320;"(1674, 4, 22)";7741027;"(1674, 1, 1)"
6487268;7503313;"(1679, 1, 9)";7741020;"(1679, 1, 1)"
6487319;7503359;"(1675, 1, 1)";7741066;"(1675, 1, 1)"
6487349;7503386;"(1677, 1, 1)";7741093;"(1677, 1, 1)"
6487305;7503345;"(1678, 5, 17)";7741052;"(1678, 1, 1)"
6487363;7503398;"(1666, 11, 9)";7741105;"(1666, 1, 1)"
6487365;7503400;"(1677, 1, 1)";7741107;"(1677, 1, 1)"
6487375;7503409;"(1672, 1, 1)";7741116;"(1672, 1, 1)"
6487382;7503414;"(1682, 1, 1)";7741121;"(1682, 1, 1)"
6487534;7503552;"(1666, 8, 10)";7741259;"(1666, 1, 1)"
6487434;7503460;"(1666, 8, 6)";7741167;"(1666, 1, 1)"
6487495;7503515;"(1674, 1, 19)";7741222;"(1674, 1, 1)"
6487496;7503516;"(1676, 1, 1)";7741223;"(1676, 1, 1)"
6487573;7503591;"(1682, 7, 3)";7741298;"(1682, 1, 1)"
6487594;7503611;"(1669, 11, 19)";7741318;"(1669, 1, 1)"
6487595;7503612;"(1665, 1, 23)";7741319;"(1665, 1, 1)"
6487597;7503614;"(1668, 7, 1)";7741321;"(1668, 1, 1)"
6487603;7503620;"(1678, 1, 1)";7741327;"(1678, 1, 1)"
6487623;7503640;"(1672, 2, 6)";7741347;"(1672, 1, 1)"
6487654;7503670;"(1674, 7, 22)";7741377;"(1674, 1, 1)"
6487655;7503671;"(1668, 6, 18)";7741378;"(1668, 1, 1)"
6487669;7503684;"(1675, 1, 1)";7741391;"(1675, 1, 1)"
6487674;7503690;"(1669, 1, 1)";7741397;"(1669, 1, 1)"
6487681;7503697;"(1674, 1, 1)";7741404;"(1674, 1, 1)"
6487727;7503738;"(1677, 1, 1)";7741445;"(1677, 1, 1)"
6487702;7503715;"(1674, 1, 1)";7741422;"(1674, 1, 1)"
6487703;7503716;"(1672, 3, 25)";7741423;"(1672, 1, 1)"
6487707;7503720;"(1675, 1, 1)";7741427;"(1675, 1, 1)"
6487733;7503742;"(1668, 1, 1)";7741449;"(1668, 1, 1)"
6487738;7503747;"(1664, 8, 21)";7741454;"(1664, 1, 1)"
6487755;7503762;"(1664, 3, 31)";7741469;"(1664, 1, 1)"
6487776;7503783;"(1662, 5, 25)";7741490;"(1662, 1, 1)"
6487756;7503763;"(1672, 11, 6)";7741470;"(1672, 1, 1)"
6487807;7503810;"(1681, 1, 1)";7741517;"(1681, 1, 1)"
6487910;7503901;"(1664, 1, 6)";7741608;"(1664, 1, 1)"
6487945;7503935;"(1677, 2, 7)";7741642;"(1677, 1, 1)"
6487957;7503948;"(1673, 1, 1)";7741655;"(1673, 1, 1)"
6487953;7503943;"(1672, 1, 1)";7741650;"(1672, 1, 1)"
6488053;7504042;"(1670, 8, 5)";7741749;"(1670, 1, 1)"
6488022;7504011;"(1683, 1, 1)";7741718;"(1683, 1, 1)"
6488030;7504018;"(1680, 1, 1)";7741725;"(1680, 1, 1)"
6488098;7504083;"(1678, 1, 1)";7741790;"(1678, 1, 1)"
6488134;7504119;"(1672, 1, 1)";7741826;"(1672, 1, 1)"
6488144;7504129;"(1681, 1, 1)";7741836;"(1681, 1, 1)"
6488126;7504111;"(1679, 1, 1)";7741818;"(1679, 1, 1)"
6488184;7504169;"(1679, 10, 8)";7741876;"(1679, 1, 1)"
6488215;7504197;"(1674, 1, 1)";7741904;"(1674, 1, 1)"
6488216;7504198;"(1676, 1, 1)";7741905;"(1676, 1, 1)"
6488258;7504237;"(1682, 1, 1)";7741944;"(1682, 1, 1)"
6488263;7504241;"(1676, 1, 1)";7741948;"(1676, 1, 1)"
6488243;7504222;"(1679, 6, 10)";7741929;"(1679, 1, 1)"
6488245;7504224;"(1678, 2, 19)";7741931;"(1678, 1, 1)"
6488299;7504275;"(1678, 1, 1)";7741982;"(1678, 1, 1)"
6488329;7504300;"(1664, 3, 11)";7742007;"(1664, 1, 1)"
6488336;7504307;"(1682, 1, 1)";7742014;"(1682, 1, 1)"
6488432;7504391;"(1672, 1, 1)";7742098;"(1672, 1, 1)"
6488375;7504342;"(1673, 1, 1)";7742049;"(1673, 1, 1)"
6488381;7504347;"(1674, 8, 9)";7742054;"(1674, 1, 1)"
6488454;7504410;"(1675, 1, 1)";7742117;"(1675, 1, 1)"
6488495;7504445;"(1674, 10, 19)";7742152;"(1674, 1, 1)"
6488481;7504433;"(1672, 1, 1)";7742140;"(1672, 1, 1)"
6488519;7504466;"(1672, 1, 31)";7742173;"(1672, 1, 1)"
6488718;7504644;"(1680, 11, 8)";7742351;"(1680, 1, 1)"
6488584;7504525;"(1675, 1, 1)";7742232;"(1675, 1, 1)"
6488664;7504596;"(1683, 5, 12)";7742303;"(1683, 1, 1)"
6488666;7504598;"(1669, 1, 1)";7742305;"(1669, 1, 1)"
6488678;7504608;"(1673, 1, 1)";7742315;"(1673, 1, 1)"
6488679;7504609;"(1680, 1, 1)";7742316;"(1680, 1, 1)"
6488685;7504614;"(1674, 1, 1)";7742321;"(1674, 1, 1)"
6488720;7504646;"(1674, 1, 1)";7742353;"(1674, 1, 1)"
6488721;7504647;"(1679, 1, 1)";7742354;"(1679, 1, 1)"
6488702;7504629;"(1680, 11, 8)";7742336;"(1680, 1, 1)"
6488772;7504690;"(1673, 1, 1)";7742397;"(1673, 1, 1)"
6488802;7504718;"(1682, 7, 25)";7742425;"(1682, 1, 1)"
6488785;7504702;"(1670, 1, 1)";7742409;"(1670, 1, 1)"
6488804;7504720;"(1679, 1, 1)";7742427;"(1679, 1, 1)"
6488805;7504721;"(1681, 2, 23)";7742428;"(1681, 1, 1)"
6488818;7504733;"(1669, 1, 1)";7742440;"(1669, 1, 1)"
6488838;7504752;"(1669, 1, 1)";7742459;"(1669, 1, 1)"
6488847;7504759;"(1679, 2, 11)";7742466;"(1679, 1, 1)"
6488864;7504774;"(1683, 1, 1)";7742481;"(1683, 1, 1)"
6488868;7504778;"(1670, 1, 1)";7742485;"(1670, 1, 1)"
6488963;7504863;"(1650, 1, 1)";7742570;"(1650, 1, 1)"
6488885;7504794;"(1681, 11, 24)";7742501;"(1681, 1, 1)"
6488887;7504796;"(1670, 1, 1)";7742503;"(1670, 1, 1)"
6488919;7504823;"(1676, 1, 1)";7742530;"(1676, 1, 1)"
6488970;7504869;"(1681, 1, 1)";7742576;"(1681, 1, 1)"
6489024;7504915;"(1674, 1, 1)";7742622;"(1674, 1, 1)"
6489005;7504898;"(1681, 7, 11)";7742605;"(1681, 1, 1)"
6488991;7504926;"(1679, 1, 1)";7742633;"(1679, 1, 1)"
6489041;7504932;"(1684, 3, 5)";7742639;"(1684, 1, 1)"
6489190;7505067;"(1708, 1, 1)";7742774;"(1708, 1, 1)"
6489045;7504936;"(1684, 4, 7)";7742643;"(1684, 1, 1)"
6489047;7504938;"(1684, 1, 1)";7742645;"(1684, 1, 1)"
6489070;7504958;"(1684, 1, 1)";7742665;"(1684, 1, 1)"
6489193;7505070;"(1709, 1, 1)";7742777;"(1709, 1, 1)"
6489194;7505071;"(1709, 1, 1)";7742778;"(1709, 1, 1)"
6489199;7505073;"(1709, 1, 1)";7742780;"(1709, 1, 1)"
6489200;7505074;"(1709, 1, 1)";7742781;"(1709, 1, 1)"
6489201;7505075;"(1710, 1, 1)";7742782;"(1710, 1, 1)"
6489202;7505076;"(1710, 1, 1)";7742783;"(1710, 1, 1)"
6489085;7504971;"(1684, 2, 21)";7742678;"(1684, 1, 1)"
6489203;7505077;"(1710, 1, 1)";7742784;"(1710, 1, 1)"
6489205;7505078;"(1711, 1, 1)";7742785;"(1711, 1, 1)"
6489206;7505079;"(1711, 1, 1)";7742786;"(1711, 1, 1)"
6489207;7505080;"(1712, 1, 1)";7742787;"(1712, 1, 1)"
6489123;7505005;"(1684, 1, 1)";7742712;"(1684, 1, 1)"
6489107;7504991;"(1684, 1, 1)";7742698;"(1684, 1, 1)"
6489109;7504993;"(1684, 1, 1)";7742700;"(1684, 1, 1)"
6489114;7504997;"(1684, 1, 1)";7742704;"(1684, 1, 1)"
6489162;7505040;"(1699, 1, 1)";7742747;"(1699, 1, 1)"
6489164;7505042;"(1700, 1, 1)";7742749;"(1700, 1, 1)"
6489166;7505043;"(1700, 1, 1)";7742750;"(1700, 1, 1)"
6489169;7505046;"(1702, 1, 1)";7742753;"(1702, 1, 1)"
6489170;7505047;"(1702, 1, 1)";7742754;"(1702, 1, 1)"
6489171;7505048;"(1703, 1, 1)";7742755;"(1703, 1, 1)"
6489172;7505049;"(1704, 1, 1)";7742756;"(1704, 1, 1)"
6489127;7505008;"(1684, 1, 1)";7742715;"(1684, 1, 1)"
6489173;7505050;"(1704, 1, 1)";7742757;"(1704, 1, 1)"
6489174;7505051;"(1704, 1, 1)";7742758;"(1704, 1, 1)"
6489175;7505052;"(1704, 1, 1)";7742759;"(1704, 1, 1)"
6489176;7505053;"(1705, 1, 1)";7742760;"(1705, 1, 1)"
6489177;7505054;"(1706, 1, 1)";7742761;"(1706, 1, 1)"
6489178;7505055;"(1706, 1, 1)";7742762;"(1706, 1, 1)"
6489180;7505057;"(1706, 1, 1)";7742764;"(1706, 1, 1)"
6489182;7505059;"(1707, 1, 1)";7742766;"(1707, 1, 1)"
6489129;7505010;"(1684, 1, 1)";7742717;"(1684, 1, 1)"
6489183;7505060;"(1707, 1, 1)";7742767;"(1707, 1, 1)"
6489184;7505061;"(1707, 1, 1)";7742768;"(1707, 1, 1)"
6489185;7505062;"(1707, 1, 1)";7742769;"(1707, 1, 1)"
6489187;7505064;"(1707, 1, 1)";7742771;"(1707, 1, 1)"
6489135;7505016;"(1692, 1, 1)";7742723;"(1692, 1, 1)"
6489189;7505066;"(1707, 1, 1)";7742773;"(1707, 1, 1)"
6489210;7505083;"(1712, 1, 1)";7742790;"(1712, 1, 1)"
6489214;7505086;"(1712, 1, 1)";7742793;"(1712, 1, 1)"
6489215;7505087;"(1712, 1, 1)";7742794;"(1712, 1, 1)"
6489136;7505017;"(1693, 1, 1)";7742724;"(1693, 1, 1)"
6489219;7505090;"(1712, 1, 1)";7742797;"(1712, 1, 1)"
6489137;7505018;"(1693, 1, 1)";7742725;"(1693, 1, 1)"
6489138;7505019;"(1693, 1, 1)";7742726;"(1693, 1, 1)"
6489139;7505020;"(1693, 1, 1)";7742727;"(1693, 1, 1)"
6489141;7505022;"(1694, 1, 1)";7742729;"(1694, 1, 1)"
6489142;7505023;"(1695, 1, 1)";7742730;"(1695, 1, 1)"
6489143;7505024;"(1696, 1, 1)";7742731;"(1696, 1, 1)"
6489145;7505025;"(1696, 1, 1)";7742732;"(1696, 1, 1)"
6489220;7505091;"(1713, 1, 1)";7742798;"(1713, 1, 1)"
6489221;7505092;"(1713, 1, 1)";7742799;"(1713, 1, 1)"
6489223;7505094;"(1714, 1, 1)";7742801;"(1714, 1, 1)"
6489224;7505095;"(1714, 1, 1)";7742802;"(1714, 1, 1)"
6489146;7505026;"(1697, 1, 1)";7742733;"(1697, 1, 1)"
6489226;7505097;"(1715, 1, 1)";7742804;"(1715, 1, 1)"
6489147;7505027;"(1697, 1, 1)";7742734;"(1697, 1, 1)"
6489229;7505100;"(1716, 1, 1)";7742807;"(1716, 1, 1)"
6489230;7505101;"(1716, 1, 1)";7742808;"(1716, 1, 1)"
6489148;7505028;"(1697, 1, 1)";7742735;"(1697, 1, 1)"
6489232;7505103;"(1716, 1, 1)";7742810;"(1716, 1, 1)"
6489149;7505029;"(1697, 1, 1)";7742736;"(1697, 1, 1)"
6489233;7505104;"(1716, 1, 1)";7742811;"(1716, 1, 1)"
6489234;7505105;"(1716, 1, 1)";7742812;"(1716, 1, 1)"
6489153;7505032;"(1698, 1, 1)";7742739;"(1698, 1, 1)"
6489235;7505106;"(1716, 1, 1)";7742813;"(1716, 1, 1)"
6489236;7505107;"(1716, 1, 1)";7742814;"(1716, 1, 1)"
6489154;7505033;"(1698, 1, 1)";7742740;"(1698, 1, 1)"
6489237;7505108;"(1717, 1, 1)";7742815;"(1717, 1, 1)"
6489238;7505109;"(1717, 1, 1)";7742816;"(1717, 1, 1)"
6489157;7505036;"(1699, 1, 1)";7742743;"(1699, 1, 1)"
6489239;7505110;"(1717, 1, 1)";7742817;"(1717, 1, 1)"
6489241;7505111;"(1717, 1, 1)";7742818;"(1717, 1, 1)"
6489242;7505112;"(1718, 1, 1)";7742819;"(1718, 1, 1)"
6489275;7505141;"(1684, 1, 1)";7742848;"(1684, 1, 1)"
6489195;7505113;"(1718, 1, 1)";7742820;"(1718, 1, 1)"
6489196;7505114;"(1718, 1, 1)";7742821;"(1718, 1, 1)"
6489244;7505115;"(1718, 1, 1)";7742822;"(1718, 1, 1)"
6489245;7505116;"(1718, 1, 1)";7742823;"(1718, 1, 1)"
6489247;7505117;"(1718, 1, 1)";7742824;"(1718, 1, 1)"
6489286;7505151;"(1684, 1, 1)";7742858;"(1684, 1, 1)"
6489649;7505481;"(1669, 1, 1)";7743188;"(1669, 1, 1)"
6489584;7505422;"(1668, 1, 1)";7743129;"(1668, 1, 1)"
6489617;7505452;"(1668, 1, 1)";7743159;"(1668, 1, 1)"
6489564;7505405;"(1667, 1, 1)";7743112;"(1667, 1, 1)"
6489566;7505407;"(1667, 1, 1)";7743114;"(1667, 1, 1)"
6489571;7505411;"(1667, 1, 1)";7743118;"(1667, 1, 1)"
6489572;7505412;"(1667, 1, 1)";7743119;"(1667, 1, 1)"
6489573;7505413;"(1667, 1, 1)";7743120;"(1667, 1, 1)"
6489574;7505414;"(1667, 1, 1)";7743121;"(1667, 1, 1)"
6489963;7505765;"(1685, 1, 1)";7743472;"(1685, 1, 1)"
6489632;7505465;"(1668, 1, 1)";7743172;"(1668, 1, 1)"
6489633;7505466;"(1668, 1, 1)";7743173;"(1668, 1, 1)"
6489638;7505471;"(1669, 1, 1)";7743178;"(1669, 1, 1)"
6489640;7505473;"(1669, 1, 1)";7743180;"(1669, 1, 1)"
6489651;7505483;"(1669, 1, 1)";7743190;"(1669, 1, 1)"
6489738;7505562;"(1718, 1, 1)";7743269;"(1718, 1, 1)"
6489739;7505563;"(1704, 1, 1)";7743270;"(1704, 1, 1)"
6489741;7505564;"(1694, 1, 1)";7743271;"(1694, 1, 1)"
6489841;7505654;"(1676, 1, 1)";7743361;"(1676, 1, 1)"
6489949;7505751;"(1685, 1, 1)";7743458;"(1685, 1, 1)"
6489896;7505704;"(1683, 1, 1)";7743411;"(1683, 1, 1)"
6489981;7505781;"(1685, 1, 1)";7743488;"(1685, 1, 1)"
6489984;7505782;"(1685, 1, 1)";7743489;"(1685, 1, 1)"
6489986;7505784;"(1685, 1, 1)";7743491;"(1685, 1, 1)"
6489994;7505791;"(1685, 1, 1)";7743498;"(1685, 1, 1)"
6490028;7505821;"(1685, 1, 1)";7743528;"(1685, 1, 1)"
6489999;7505795;"(1685, 1, 1)";7743502;"(1685, 1, 1)"
6490035;7505826;"(1685, 1, 1)";7743533;"(1685, 1, 1)"
6490007;7505803;"(1685, 1, 1)";7743510;"(1685, 1, 1)"
6490010;7505806;"(1685, 1, 1)";7743513;"(1685, 1, 1)"
6490037;7505828;"(1685, 1, 1)";7743535;"(1685, 1, 1)"
6490016;7505811;"(1685, 1, 1)";7743518;"(1685, 1, 1)"
6490124;7505906;"(1634, 6, 18)";7743613;"(1634, 1, 1)"
6490020;7505815;"(1685, 1, 1)";7743522;"(1685, 1, 1)"
6490147;7505926;"(1634, 1, 1)";7743633;"(1634, 1, 1)"
6490165;7505944;"(1634, 9, 1)";7743651;"(1634, 1, 1)"
6490149;7505929;"(1634, 1, 1)";7743636;"(1634, 1, 1)"
6490212;7505986;"(1634, 1, 1)";7743693;"(1634, 1, 1)"
6490184;7505960;"(1634, 9, 30)";7743667;"(1634, 1, 1)"
6490236;7506009;"(1630, 1, 1)";7743716;"(1630, 1, 1)"
6490239;7506012;"(1630, 1, 1)";7743719;"(1630, 1, 1)"
6490263;7506032;"(1630, 1, 1)";7743739;"(1630, 1, 1)"
6490283;7506051;"(1631, 1, 1)";7743758;"(1631, 1, 1)"
6490266;7506035;"(1631, 1, 1)";7743742;"(1631, 1, 1)"
6490286;7506053;"(1631, 1, 1)";7743760;"(1631, 1, 1)"
6490270;7506038;"(1631, 1, 1)";7743745;"(1631, 1, 1)"
6490273;7506041;"(1631, 1, 1)";7743748;"(1631, 1, 1)"
6490274;7506042;"(1631, 1, 1)";7743749;"(1631, 1, 1)"
6490287;7506054;"(1631, 1, 1)";7743761;"(1631, 1, 1)"
6490290;7506057;"(1632, 1, 1)";7743764;"(1632, 1, 1)"
6490296;7506063;"(1632, 1, 1)";7743770;"(1632, 1, 1)"
6490280;7506048;"(1631, 1, 1)";7743755;"(1631, 1, 1)"
6490297;7506064;"(1632, 1, 1)";7743771;"(1632, 1, 1)"
6490301;7506067;"(1633, 1, 1)";7743774;"(1633, 1, 1)"
6490376;7506137;"(1640, 3, 31)";7743844;"(1640, 1, 1)"
6490421;7506177;"(1643, 1, 4)";7743884;"(1643, 1, 1)"
6490425;7506180;"(1635, 1, 1)";7743887;"(1635, 1, 1)"
6490330;7506096;"(1632, 1, 1)";7743803;"(1632, 1, 1)"
6490331;7506097;"(1632, 8, 1)";7743804;"(1632, 1, 1)"
6490332;7506098;"(1633, 1, 1)";7743805;"(1633, 1, 1)"
6490335;7506100;"(1635, 10, 16)";7743807;"(1635, 1, 1)"
6490336;7506101;"(1635, 10, 1)";7743808;"(1635, 1, 1)"
6490341;7506105;"(1636, 1, 1)";7743812;"(1636, 1, 1)"
6490343;7506107;"(1636, 1, 1)";7743814;"(1636, 1, 1)"
6490344;7506108;"(1636, 11, 1)";7743815;"(1636, 1, 1)"
6490348;7506111;"(1637, 10, 1)";7743818;"(1637, 1, 1)"
6490352;7506115;"(1638, 4, 10)";7743822;"(1638, 1, 1)"
6490356;7506118;"(1639, 1, 1)";7743825;"(1639, 1, 1)"
6490380;7506140;"(1640, 7, 1)";7743847;"(1640, 1, 1)"
6490357;7506119;"(1639, 2, 28)";7743826;"(1639, 1, 1)"
6490362;7506123;"(1639, 1, 1)";7743830;"(1639, 1, 1)"
6490384;7506144;"(1640, 11, 1)";7743851;"(1640, 1, 1)"
6490369;7506130;"(1639, 7, 8)";7743837;"(1639, 1, 1)"
6490391;7506150;"(1641, 2, 1)";7743857;"(1641, 1, 1)"
6490397;7506155;"(1641, 4, 1)";7743862;"(1641, 1, 1)"
6490414;7506170;"(1643, 3, 3)";7743877;"(1643, 1, 1)"
6490429;7506184;"(1635, 1, 1)";7743891;"(1635, 1, 1)"
6490434;7506188;"(1635, 1, 1)";7743895;"(1635, 1, 1)"
6490476;7506225;"(1637, 1, 1)";7743933;"(1637, 1, 1)"
6490480;7506229;"(1637, 1, 1)";7743937;"(1637, 1, 1)"
6490449;7506201;"(1633, 1, 1)";7743909;"(1633, 1, 1)"
6490483;7506231;"(1637, 1, 1)";7743939;"(1637, 1, 1)"
6490452;7506203;"(1636, 1, 1)";7743911;"(1636, 1, 1)"
6490492;7506239;"(1638, 1, 1)";7743947;"(1638, 1, 1)"
6490453;7506204;"(1636, 1, 1)";7743912;"(1636, 1, 1)"
6490455;7506206;"(1636, 1, 1)";7743914;"(1636, 1, 1)"
6490456;7506207;"(1636, 1, 1)";7743915;"(1636, 1, 1)"
6490462;7506213;"(1636, 1, 1)";7743921;"(1636, 1, 1)"
6490509;7506255;"(1645, 1, 1)";7743963;"(1645, 1, 1)"
6490467;7506218;"(1637, 1, 1)";7743926;"(1637, 1, 1)"
6490517;7506262;"(1645, 1, 1)";7743970;"(1645, 1, 1)"
6490616;7506351;"(1643, 1, 23)";7744059;"(1643, 1, 1)"
6490620;7506355;"(1643, 1, 1)";7744063;"(1643, 1, 1)"
6490624;7506358;"(1643, 1, 1)";7744066;"(1643, 1, 1)"
6490625;7506359;"(1643, 1, 1)";7744067;"(1643, 1, 1)"
6490662;7506392;"(1644, 1, 10)";7744100;"(1644, 1, 1)"
6490670;7506399;"(1644, 5, 3)";7744107;"(1644, 1, 1)"
6490730;7506453;"(1645, 10, 19)";7744161;"(1645, 1, 1)"
6490671;7506400;"(1644, 1, 1)";7744108;"(1644, 1, 1)"
6490674;7506403;"(1644, 1, 1)";7744111;"(1644, 1, 1)"
6490742;7506464;"(1646, 1, 1)";7744172;"(1646, 1, 1)"
6490725;7506448;"(1645, 8, 13)";7744156;"(1645, 1, 1)"
6490678;7506407;"(1644, 6, 22)";7744115;"(1644, 1, 1)"
6490751;7506471;"(1646, 4, 9)";7744179;"(1646, 1, 1)"
6490684;7506413;"(1644, 10, 5)";7744121;"(1644, 1, 1)"
6490685;7506414;"(1644, 10, 5)";7744122;"(1644, 1, 1)"
6490760;7506479;"(1646, 8, 24)";7744187;"(1646, 1, 1)"
6490699;7506427;"(1645, 1, 3)";7744135;"(1645, 1, 1)"
6490713;7506439;"(1645, 5, 31)";7744147;"(1645, 1, 1)"
6491089;7506771;"(1653, 1, 1)";7744479;"(1653, 1, 1)"
6490993;7506686;"(1651, 1, 1)";7744394;"(1651, 1, 1)"
6491090;7506772;"(1653, 1, 1)";7744480;"(1653, 1, 1)"
6491096;7506778;"(1654, 1, 24)";7744486;"(1654, 1, 1)"
6491005;7506697;"(1652, 2, 3)";7744405;"(1652, 1, 1)"
6491052;7506739;"(1653, 1, 19)";7744447;"(1653, 1, 1)"
6491019;7506710;"(1652, 4, 3)";7744418;"(1652, 1, 1)"
6491102;7506784;"(1654, 1, 1)";7744492;"(1654, 1, 1)"
6491113;7506793;"(1654, 1, 1)";7744501;"(1654, 1, 1)"
6491114;7506794;"(1654, 6, 16)";7744502;"(1654, 1, 1)"
6491198;7506868;"(1656, 2, 8)";7744576;"(1656, 1, 1)"
6491117;7506797;"(1654, 1, 1)";7744505;"(1654, 1, 1)"
6491207;7506876;"(1656, 1, 1)";7744584;"(1656, 1, 1)"
6491210;7506879;"(1656, 7, 9)";7744587;"(1656, 1, 1)"
6491144;7506819;"(1655, 1, 19)";7744527;"(1655, 1, 1)"
6491177;7506848;"(1655, 10, 6)";7744556;"(1655, 1, 1)"
6491149;7506824;"(1655, 1, 1)";7744532;"(1655, 1, 1)"
6491150;7506825;"(1655, 1, 1)";7744533;"(1655, 1, 1)"
6491184;7506855;"(1655, 11, 26)";7744563;"(1655, 1, 1)"
6491158;7506832;"(1655, 4, 14)";7744540;"(1655, 1, 1)"
6491170;7506842;"(1655, 8, 21)";7744550;"(1655, 1, 1)"
6491235;7506901;"(1657, 1, 26)";7744609;"(1657, 1, 1)"
6491239;7506905;"(1657, 3, 23)";7744613;"(1657, 1, 1)"
6491279;7506940;"(1658, 1, 1)";7744648;"(1658, 1, 1)"
6491280;7506941;"(1658, 1, 1)";7744649;"(1658, 1, 1)"
6491241;7506907;"(1657, 4, 10)";7744615;"(1657, 1, 1)"
6491284;7506945;"(1658, 3, 16)";7744653;"(1658, 1, 1)"
6491244;7506909;"(1657, 4, 23)";7744617;"(1657, 1, 1)"
6491246;7506911;"(1657, 5, 10)";7744619;"(1657, 1, 1)"
6491247;7506912;"(1657, 5, 13)";7744620;"(1657, 1, 1)"
6491293;7506953;"(1658, 5, 27)";7744661;"(1658, 1, 1)"
6491249;7506914;"(1657, 5, 27)";7744622;"(1657, 1, 1)"
6491297;7506956;"(1658, 6, 7)";7744664;"(1658, 1, 1)"
6491252;7506916;"(1657, 6, 5)";7744624;"(1657, 1, 1)"
6491265;7506927;"(1657, 1, 1)";7744635;"(1657, 1, 1)"
6491326;7506983;"(1659, 2, 3)";7744691;"(1659, 1, 1)"
6491329;7506986;"(1659, 3, 13)";7744694;"(1659, 1, 1)"
6491331;7506988;"(1659, 3, 17)";7744696;"(1659, 1, 1)"
6491339;7506995;"(1659, 6, 30)";7744703;"(1659, 1, 1)"
6491337;7506993;"(1659, 1, 1)";7744701;"(1659, 1, 1)"
6491366;7507018;"(1660, 2, 22)";7744726;"(1660, 1, 1)"
6491384;7507035;"(1660, 9, 6)";7744743;"(1660, 1, 1)"
6491405;7507053;"(1661, 2, 10)";7744761;"(1661, 1, 1)"
6491409;7507057;"(1661, 2, 25)";7744765;"(1661, 1, 1)"
6491378;7507030;"(1660, 7, 9)";7744738;"(1660, 1, 1)"
6491427;7507074;"(1661, 1, 1)";7744782;"(1661, 1, 1)"
6491491;7507128;"(1660, 1, 1)";7744836;"(1660, 1, 1)"
6491508;7507145;"(1661, 1, 1)";7744853;"(1661, 1, 1)"
6491510;7507146;"(1661, 1, 1)";7744854;"(1661, 1, 1)"
6491585;7507212;"(1665, 11, 1)";7744920;"(1665, 1, 1)"
6491521;7507217;"(1666, 6, 20)";7744925;"(1666, 1, 1)"
6491659;7507279;"(1645, 1, 1)";7744987;"(1645, 1, 1)"
6491601;7507228;"(1667, 2, 1)";7744936;"(1667, 1, 1)"
6491686;7507304;"(1647, 1, 1)";7745012;"(1647, 1, 1)"
6491699;7507316;"(1647, 1, 1)";7745024;"(1647, 1, 1)"
6491715;7507329;"(1635, 1, 1)";7745037;"(1635, 1, 1)"
6491721;7507335;"(1635, 7, 6)";7745043;"(1635, 1, 1)"
6491734;7507348;"(1635, 8, 26)";7745056;"(1635, 1, 1)"
6491735;7507349;"(1635, 9, 1)";7745057;"(1635, 1, 1)"
6491759;7507370;"(1623, 1, 1)";7745078;"(1623, 1, 1)"
6491762;7507373;"(1648, 3, 1)";7745081;"(1648, 1, 1)"
6491764;7507375;"(1648, 1, 1)";7745083;"(1648, 1, 1)"
6491910;7507508;"(1654, 1, 1)";7745216;"(1654, 1, 1)"
6491911;7507509;"(1654, 1, 1)";7745217;"(1654, 1, 1)"
6492091;7507668;"(1636, 1, 1)";7745365;"(1636, 1, 1)"
6492095;7507671;"(1636, 4, 1)";7745368;"(1636, 1, 1)"
6492096;7507672;"(1636, 1, 1)";7745369;"(1636, 1, 1)"
6492099;7507675;"(1636, 5, 25)";7745372;"(1636, 1, 1)"
6492002;7507603;"(1659, 1, 1)";7745300;"(1659, 1, 1)"
6492108;7507682;"(1636, 1, 1)";7745379;"(1636, 1, 1)"
6492118;7507691;"(1636, 1, 1)";7745388;"(1636, 1, 1)"
6492205;7507770;"(1639, 1, 1)";7745467;"(1639, 1, 1)"
6492119;7507692;"(1636, 10, 19)";7745389;"(1636, 1, 1)"
6492130;7507703;"(1637, 1, 15)";7745400;"(1637, 1, 1)"
6492149;7507720;"(1637, 7, 31)";7745417;"(1637, 1, 1)"
6492166;7507735;"(1638, 1, 1)";7745432;"(1638, 1, 1)"
6492154;7507724;"(1637, 1, 1)";7745421;"(1637, 1, 1)"
6492186;7507753;"(1638, 6, 1)";7745450;"(1638, 1, 1)"
6492162;7507731;"(1637, 11, 23)";7745428;"(1637, 1, 1)"
6492191;7507758;"(1639, 1, 10)";7745455;"(1639, 1, 1)"
6492194;7507760;"(1639, 1, 1)";7745457;"(1639, 1, 1)"
6492201;7507766;"(1639, 4, 7)";7745463;"(1639, 1, 1)"
6492273;7507833;"(1641, 5, 20)";7745530;"(1641, 1, 1)"
6492231;7507794;"(1640, 1, 1)";7745491;"(1640, 1, 1)"
6492233;7507795;"(1640, 2, 4)";7745492;"(1640, 1, 1)"
6492275;7507834;"(1641, 5, 1)";7745531;"(1641, 1, 1)"
6492240;7507801;"(1640, 1, 1)";7745498;"(1640, 1, 1)"
6492282;7507840;"(1641, 8, 22)";7745537;"(1641, 1, 1)"
6492250;7507810;"(1640, 9, 1)";7745507;"(1640, 1, 1)"
6492289;7507847;"(1641, 1, 1)";7745544;"(1641, 1, 1)"
6492290;7507848;"(1641, 12, 15)";7745545;"(1641, 1, 1)"
6492264;7507824;"(1641, 1, 7)";7745521;"(1641, 1, 1)"
6492502;7508043;"(1629, 1, 1)";7745740;"(1629, 1, 1)"
6492506;7508047;"(1629, 1, 1)";7745744;"(1629, 1, 1)"
6492589;7508121;"(1632, 1, 1)";7745818;"(1632, 1, 1)"
6492606;7508136;"(1632, 8, 1)";7745833;"(1632, 1, 1)"
6492624;7508151;"(1633, 1, 1)";7745848;"(1633, 1, 1)"
6492625;7508152;"(1633, 1, 1)";7745849;"(1633, 1, 1)"
6492626;7508153;"(1633, 1, 1)";7745850;"(1633, 1, 1)"
6492641;7508166;"(1634, 1, 1)";7745863;"(1634, 1, 1)"
6492644;7508169;"(1634, 1, 1)";7745866;"(1634, 1, 1)"
6511231;7508170;"(1634, 1, 1)";7745867;"(1634, 1, 1)"
6492762;7508279;"(1638, 9, 6)";7745976;"(1638, 1, 1)"
6492652;7508177;"(1634, 1, 1)";7745874;"(1634, 1, 1)"
6492765;7508282;"(1638, 1, 1)";7745979;"(1638, 1, 1)"
6492655;7508179;"(1634, 1, 1)";7745876;"(1634, 1, 1)"
6492766;7508283;"(1638, 9, 1)";7745980;"(1638, 1, 1)"
6492656;7508180;"(1634, 5, 1)";7745877;"(1634, 1, 1)"
6492771;7508287;"(1638, 1, 1)";7745984;"(1638, 1, 1)"
6492774;7508289;"(1639, 1, 1)";7745986;"(1639, 1, 1)"
6492775;7508290;"(1639, 3, 1)";7745987;"(1639, 1, 1)"
6492776;7508291;"(1639, 1, 1)";7745988;"(1639, 1, 1)"
6492671;7508197;"(1635, 7, 1)";7745894;"(1635, 1, 1)"
6492672;7508198;"(1635, 1, 1)";7745895;"(1635, 1, 1)"
6492673;7508199;"(1635, 1, 1)";7745896;"(1635, 1, 1)"
6492678;7508204;"(1635, 1, 1)";7745901;"(1635, 1, 1)"
6492670;7508196;"(1635, 1, 1)";7745893;"(1635, 1, 1)"
6492687;7508212;"(1635, 1, 1)";7745909;"(1635, 1, 1)"
6492696;7508261;"(1638, 1, 1)";7745958;"(1638, 1, 1)"
6492702;7508223;"(1636, 3, 1)";7745920;"(1636, 1, 1)"
6492708;7508227;"(1636, 8, 1)";7745924;"(1636, 1, 1)"
6492709;7508228;"(1636, 9, 1)";7745925;"(1636, 1, 1)"
6492755;7508272;"(1638, 1, 1)";7745969;"(1638, 1, 1)"
6492778;7508293;"(1639, 5, 1)";7745990;"(1639, 1, 1)"
6492785;7508299;"(1639, 1, 1)";7745996;"(1639, 1, 1)"
6492791;7508304;"(1639, 1, 1)";7746001;"(1639, 1, 1)"
6492792;7508305;"(1639, 9, 1)";7746002;"(1639, 1, 1)"
6492796;7508308;"(1639, 1, 1)";7746005;"(1639, 1, 1)"
6492803;7508314;"(1640, 1, 1)";7746011;"(1640, 1, 1)"
6492806;7508317;"(1640, 1, 1)";7746014;"(1640, 1, 1)"
6492808;7508319;"(1640, 1, 1)";7746016;"(1640, 1, 1)"
6492813;7508324;"(1640, 1, 1)";7746021;"(1640, 1, 1)"
6492816;7508327;"(1640, 12, 1)";7746024;"(1640, 1, 1)"
6492820;7508330;"(1641, 1, 1)";7746027;"(1641, 1, 1)"
6492821;7508331;"(1641, 1, 1)";7746028;"(1641, 1, 1)"
6492825;7508335;"(1641, 1, 1)";7746032;"(1641, 1, 1)"
6492828;7508337;"(1641, 4, 16)";7746034;"(1641, 1, 1)"
6492833;7508342;"(1641, 1, 1)";7746039;"(1641, 1, 1)"
6492836;7508345;"(1641, 1, 1)";7746042;"(1641, 1, 1)"
6492841;7508349;"(1641, 12, 21)";7746046;"(1641, 1, 1)"
6492842;7508350;"(1642, 1, 1)";7746047;"(1642, 1, 1)"
6492845;7508353;"(1642, 1, 1)";7746050;"(1642, 1, 1)"
6492849;7508357;"(1642, 1, 1)";7746054;"(1642, 1, 1)"
6492855;7508363;"(1642, 1, 1)";7746060;"(1642, 1, 1)"
6492874;7508380;"(1643, 1, 1)";7746077;"(1643, 1, 1)"
6492877;7508382;"(1643, 1, 1)";7746079;"(1643, 1, 1)"
6508054;7510021;"(1785, 1, 1)";7747720;"(1785, 1, 1)"
6527258;7511659;"(1859, 6, 2)";7749373;"(1859, 2, 1)"
6535328;7516720;"(1936, 3, 27)";7754443;"(1907, 3, 11)"
6519485;7523746;"(1868, 1, 1)";7761477;"(1834, 1, 1)"
6519580;7523840;"(1654, 1, 1)";7761571;"(1654, 1, 1)"
6519679;7523941;"(1621, 1, 1)";7761673;"(1621, 1, 1)"
6519759;7524020;"(1634, 1, 1)";7761752;"(1634, 1, 1)"
6519847;7524116;"(1606, 1, 1)";7761848;"(1606, 1, 1)"
6520142;7524444;"(1854, 1, 1)";7762176;"(1834, 1, 1)"
6521310;7525602;"(1833, 10, 9)";7763357;"(1752, 1, 1)"
6523032;7527534;"(1878, 1, 1)";7765289;"(1848, 1, 1)"
6523036;7527535;"(1883, 1, 1)";7765290;"(1848, 1, 1)"
6523507;7528627;"(1614, 1, 1)";7766397;"(1614, 1, 1)"
6523508;7528628;"(1614, 1, 1)";7766398;"(1614, 1, 1)"
6510695;7529493;"(1545, 1, 1)";7767271;"(1545, 1, 1)"
6510695;7529493;"(1588, 1, 1)";7767271;"(1545, 1, 1)"
6510695;7529493;"(1588, 1, 1)";7767271;"(1588, 1, 1)"
6510695;7529494;"(1545, 1, 1)";7767271;"(1545, 1, 1)"
6510695;7529494;"(1588, 1, 1)";7767271;"(1545, 1, 1)"
6510695;7529494;"(1588, 1, 1)";7767271;"(1588, 1, 1)"
6510695;7529493;"(1545, 1, 1)";7767272;"(1545, 1, 1)"
6510695;7529493;"(1588, 1, 1)";7767272;"(1545, 1, 1)"
6510695;7529493;"(1588, 1, 1)";7767272;"(1588, 1, 1)"
6510695;7529494;"(1545, 1, 1)";7767272;"(1545, 1, 1)"
6510695;7529494;"(1588, 1, 1)";7767272;"(1545, 1, 1)"
6510695;7529494;"(1588, 1, 1)";7767272;"(1588, 1, 1)"
6530268;7530506;"(1851, 1, 1)";7768285;"(1823, 2, 1)"
6543863;7531139;"(1738, 6, 28)";7768920;"(1738, 6, 28)"
6530488;7531919;"(1579, 8, 23)";7769702;"(1579, 8, 23)"
6533549;7541478;"(1924, 1, 1)";7780067;"(1924, 1, 1)"
6532058;7489381;"(1707, 1, 1)";7726921;"(1707, 1, 1)"
6511295;7489387;"(1695, 1, 1)";7726937;"(1655, 1, 1)"
6540825;7490659;"(1696, 9, 12)";7728294;"(1639, 1, 20)"
6486545;7502648;"(1674, 1, 1)";7740355;"(1670, 1, 1)"
6490415;7506171;"(1673, 1, 1)";7743878;"(1643, 1, 1)"
6527028;7512077;"(1878, 1, 1)";7749794;"(1848, 1, 1)"
6508179;7512571;"(1853, 1, 1)";7750289;"(1839, 1, 1)"
6516731;7520836;"(1902, 1, 1)";7758558;"(1885, 1, 1)"
6522521;7526845;"(98, 1, 1)";7764598;"(54, 1, 1)"
6522969;7527465;"(1880, 1, 1)";7765219;"(1867, 1, 1)"
6523416;7528503;"(1555, 1, 1)";7766273;"(1521, 1, 1)"
